[{"s":"tour-divide","n":"Tour Divide","t":1,"sc":94,"l":"Banff, Alberta to Antelope Wells, New Mexico","d":"2026: Friday, June 12th at 8AM","u":"https://gravelgodcycling.com/race/tour-divide/"},{"s":"unbound-200","n":"Unbound Gravel 200","t":1,"sc":93,"l":"Emporia, Kansas","d":"2026: June 6","u":"https://gravelgodcycling.com/race/unbound-200/"},{"s":"the-traka","n":"Traka 360","t":1,"sc":91,"l":"Girona, Catalonia, Spain","d":"2026: May 2-3","u":"https://gravelgodcycling.com/race/the-traka/"},{"s":"colorado-trail-race","n":"Colorado Trail Race","t":1,"sc":90,"l":"Durango to Denver, Colorado","d":"2026: August 2","u":"https://gravelgodcycling.com/race/colorado-trail-race/"},{"s":"trans-am-bike-race","n":"Trans Am Bike Race","t":1,"sc":90,"l":"Astoria, Oregon to Yorktown, Virginia","d":"2026: Sunday, June 7th","u":"https://gravelgodcycling.com/race/trans-am-bike-race/"},{"s":"transcontinental-race","n":"Transcontinental Race","t":1,"sc":90,"l":"Across Europe (route changes annually)","d":"2026: July 19 (Trondheim, Norway to Kalamata, Greece)","u":"https://gravelgodcycling.com/race/transcontinental-race/"},{"s":"uci-gravel-worlds","n":"UCI Gravel World Championships","t":1,"sc":90,"l":"Rotating (2024: Heerlen, Netherlands)","d":"Check UCI website for date and location","u":"https://gravelgodcycling.com/race/uci-gravel-worlds/"},{"s":"unbound-xl","n":"Unbound XL","t":1,"sc":90,"l":"Emporia, Kansas","d":"2026: Friday, May 29 (3:00 PM start)","u":"https://gravelgodcycling.com/race/unbound-xl/"},{"s":"badlands","n":"Badlands","t":1,"sc":89,"l":"Granada, Andalusia, Spain","d":"2026: August 30","u":"https://gravelgodcycling.com/race/badlands/"},{"s":"crusher-in-the-tushar","n":"Crusher in the Tushar","t":1,"sc":89,"l":"Beaver, Utah","d":"2026: July 11","u":"https://gravelgodcycling.com/race/crusher-in-the-tushar/"},{"s":"leadville-100","n":"Leadville Trail 100 MTB","t":1,"sc":89,"l":"Leadville, Colorado","d":"2026: August 15","u":"https://gravelgodcycling.com/race/leadville-100/"},{"s":"bwr-california","n":"Belgian Waffle Ride","t":1,"sc":87,"l":"Del Mar, California","d":"2026: April 25-26","u":"https://gravelgodcycling.com/race/bwr-california/"},{"s":"torino-nice-rally","n":"Torino Nice Rally","t":1,"sc":87,"l":"Turin, Italy to Nice, France","d":"2025: Status uncertain - check official website","u":"https://gravelgodcycling.com/race/torino-nice-rally/"},{"s":"big-sugar","n":"Big Sugar Gravel","t":1,"sc":86,"l":"Bentonville, Arkansas","d":"2026: October 17","u":"https://gravelgodcycling.com/race/big-sugar/"},{"s":"gravel-earth","n":"Gravel Earth Series","t":1,"sc":86,"l":"Global (HQ: Girona, Spain)","d":"2026: 12 events across 7 countries","u":"https://gravelgodcycling.com/race/gravel-earth/"},{"s":"steamboat-gravel","n":"SBT GRVL","t":1,"sc":86,"l":"Steamboat Springs, Colorado","d":"2026: June 28","u":"https://gravelgodcycling.com/race/steamboat-gravel/"},{"s":"gravel-worlds","n":"Gravel Worlds","t":1,"sc":84,"l":"Lincoln, Nebraska (Sandhills Global Event Center)","d":"2026: Aug 19-23 (Race Aug 22-23)","u":"https://gravelgodcycling.com/race/gravel-worlds/"},{"s":"dirty-reiver","n":"Dirty Reiver","t":1,"sc":83,"l":"Kielder, Northumberland, England","d":"2026: April 24-26","u":"https://gravelgodcycling.com/race/dirty-reiver/"},{"s":"gravel-locos","n":"Gravel Locos","t":1,"sc":83,"l":"Hico, Texas","d":"2026: May 23","u":"https://gravelgodcycling.com/race/gravel-locos/"},{"s":"mid-south","n":"The Mid South","t":1,"sc":83,"l":"Stillwater, Oklahoma","d":"2026: March 13-14 (Pro race Friday, Amateur race Saturday)","u":"https://gravelgodcycling.com/race/mid-south/"},{"s":"bwr-cedar-city","n":"Belgian Waffle Ride Cedar City","t":1,"sc":81,"l":"Cedar City, Utah","d":"2026: June 13","u":"https://gravelgodcycling.com/race/bwr-cedar-city/"},{"s":"jeroboam","n":"Jeroboam","t":1,"sc":81,"l":"Erbusco, Lombardy, Italy","d":"2026: July 18-22","u":"https://gravelgodcycling.com/race/jeroboam/"},{"s":"strade-bianche-gran-fondo","n":"Gran Fondo Strade Bianche","t":1,"sc":81,"l":"Siena, Tuscany, Italy","d":"2026: March 8","u":"https://gravelgodcycling.com/race/strade-bianche-gran-fondo/"},{"s":"rebeccas-private-idaho","n":"Rebecca's Private Idaho","t":1,"sc":80,"l":"Ketchum, Idaho","d":"2026: September 12","u":"https://gravelgodcycling.com/race/rebeccas-private-idaho/"},{"s":"sea-otter-gravel","n":"Sea Otter Classic Gravel","t":1,"sc":80,"l":"Monterey, California","d":"2026: April 16-19","u":"https://gravelgodcycling.com/race/sea-otter-gravel/"},{"s":"unbound-100","n":"Unbound Gravel 100","t":1,"sc":80,"l":"Emporia, Kansas","d":"2026: May 30","u":"https://gravelgodcycling.com/race/unbound-100/"},{"s":"bwr-san-diego","n":"Belgian Waffle Ride San Diego","t":1,"sc":79,"l":"Del Mar, California","d":"2026: May 2-3","u":"https://gravelgodcycling.com/race/bwr-san-diego/"},{"s":"little-sugar-mtb","n":"Little Sugar MTB","t":1,"sc":77,"l":"Bentonville, Arkansas","d":"2026: April 5","u":"https://gravelgodcycling.com/race/little-sugar-mtb/"},{"s":"seven","n":"Seven","t":1,"sc":76,"l":"Nannup, Western Australia","d":"2026: May 16","u":"https://gravelgodcycling.com/race/seven/"},{"s":"bwr-utah","n":"BWR Utah (Belgian Waffle Ride Utah)","t":2,"sc":79,"l":"Cedar City, Utah","d":"Check BWR website for date","u":"https://gravelgodcycling.com/race/bwr-utah/"},{"s":"migration-gravel-race","n":"Migration Gravel Race","t":2,"sc":79,"l":"Maasai Mara, Kenya","d":"2026: June 10-14","u":"https://gravelgodcycling.com/race/migration-gravel-race/"},{"s":"the-rift","n":"The Rift","t":2,"sc":79,"l":"Hvolsvöllur, Southern Iceland","d":"2026: July 4","u":"https://gravelgodcycling.com/race/the-rift/"},{"s":"bwr-asheville","n":"Belgian Waffle Ride Asheville","t":2,"sc":77,"l":"Asheville, North Carolina","d":"2026: Check official website for date","u":"https://gravelgodcycling.com/race/bwr-asheville/"},{"s":"bwr-montana","n":"BWR Montana (Belgian Waffle Ride Montana)","t":2,"sc":77,"l":"Missoula, Montana","d":"Check BWR website for date","u":"https://gravelgodcycling.com/race/bwr-montana/"},{"s":"grinduro","n":"Grinduro","t":2,"sc":77,"l":"Multi-Location Global Series","d":"2026: Multiple events across continents","u":"https://gravelgodcycling.com/race/grinduro/"},{"s":"giro-sardegna-gravel","n":"Giro Sardegna Gravel","t":2,"sc":76,"l":"Siniscola, Sardinia, Italy","d":"Check official website for date","u":"https://gravelgodcycling.com/race/giro-sardegna-gravel/"},{"s":"grinduro-france","n":"Grinduro France","t":2,"sc":76,"l":"Xonrupt-Longemer, Vosges, France","d":"2026: June 28-30 (Festival weekend)","u":"https://gravelgodcycling.com/race/grinduro-france/"},{"s":"grinduro-germany","n":"Grinduro Germany","t":2,"sc":76,"l":"Hellenthal, Eifel, Germany","d":"2026: May 23-25 (Festival weekend)","u":"https://gravelgodcycling.com/race/grinduro-germany/"},{"s":"mammoth-tuff","n":"Mammoth Tuff","t":2,"sc":76,"l":"Mammoth Lakes, California","d":"2026: June 28","u":"https://gravelgodcycling.com/race/mammoth-tuff/"},{"s":"nordic-chase-gravel","n":"Nordic Chase Gravel Edition","t":2,"sc":76,"l":"Copenhagen, Denmark to Oslo, Norway","d":"Check official website for date","u":"https://gravelgodcycling.com/race/nordic-chase-gravel/"},{"s":"oregon-trail-gravel","n":"Oregon Trail Gravel Grinder","t":2,"sc":76,"l":"Central Oregon (multiple towns)","d":"2026: July 8-12","u":"https://gravelgodcycling.com/race/oregon-trail-gravel/"},{"s":"whiskey-off-road","n":"Whiskey Off-Road","t":2,"sc":76,"l":"Prescott, Arizona","d":"2026: April 24-26 (Race Day: Sunday, April 26)","u":"https://gravelgodcycling.com/race/whiskey-off-road/"},{"s":"chequamegon-mtb","n":"Chequamegon MTB","t":2,"sc":74,"l":"Cable, Wisconsin (Chequamegon National Forest)","d":"2026: September 20","u":"https://gravelgodcycling.com/race/chequamegon-mtb/"},{"s":"gravel-fondo-switzerland","n":"UCI Gravel Suisse","t":2,"sc":74,"l":"Aigle / Villars-sur-Ollon, Switzerland","d":"2026: July 12","u":"https://gravelgodcycling.com/race/gravel-fondo-switzerland/"},{"s":"gunni-grinder","n":"Gunni Grinder","t":2,"sc":74,"l":"Gunnison, Colorado","d":"2026: September 6","u":"https://gravelgodcycling.com/race/gunni-grinder/"},{"s":"lauf-true-grit","n":"Lauf True Grit Gravel Epic","t":2,"sc":74,"l":"Santa Clara, Utah","d":"2026: March 19-21","u":"https://gravelgodcycling.com/race/lauf-true-grit/"},{"s":"le-grand-du-nord","n":"Le Grand du Nord","t":2,"sc":74,"l":"Grand Marais, Minnesota","d":"2026: May 23","u":"https://gravelgodcycling.com/race/le-grand-du-nord/"},{"s":"monaco-gravel-race","n":"Monaco Gravel Race","t":2,"sc":74,"l":"Monaco","d":"Check official website for date","u":"https://gravelgodcycling.com/race/monaco-gravel-race/"},{"s":"nova-eroica","n":"Nova Eroica","t":2,"sc":74,"l":"Buonconvento, Tuscany, Italy","d":"Check official website for date","u":"https://gravelgodcycling.com/race/nova-eroica/"},{"s":"ouray-gravel-grinder","n":"Ouray Gravel Grinder","t":2,"sc":74,"l":"Ouray, Colorado","d":"2026: Early September (weather dependent)","u":"https://gravelgodcycling.com/race/ouray-gravel-grinder/"},{"s":"pirinexus-360","n":"Pirinexus 360","t":2,"sc":74,"l":"Girona, Catalonia, Spain","d":"2026: September 18-20","u":"https://gravelgodcycling.com/race/pirinexus-360/"},{"s":"big-horn-gravel","n":"Big Horn Gravel","t":2,"sc":73,"l":"Gypsum, Colorado","d":"2026: June 20","u":"https://gravelgodcycling.com/race/big-horn-gravel/"},{"s":"grasshopper-series","n":"Grasshopper Adventure Series","t":2,"sc":73,"l":"Northern California","d":"2026: Jan 25, Feb 28, Mar 28, Apr 25, May 24","u":"https://gravelgodcycling.com/race/grasshopper-series/"},{"s":"pisgah-monster-cross","n":"Pisgah Monster Cross","t":2,"sc":73,"l":"Brevard, North Carolina (Pisgah National Forest)","d":"Check official website for date","u":"https://gravelgodcycling.com/race/pisgah-monster-cross/"},{"s":"rasputitsa","n":"Rasputitsa","t":2,"sc":73,"l":"Burke, Vermont","d":"2026: April 26 (10th Anniversary)","u":"https://gravelgodcycling.com/race/rasputitsa/"},{"s":"the-rad","n":"The Rad Dirt Fest","t":2,"sc":73,"l":"Trinidad, Colorado","d":"2026: September 26","u":"https://gravelgodcycling.com/race/the-rad/"},{"s":"bwr-north-carolina","n":"Belgian Waffle Ride North Carolina","t":2,"sc":71,"l":"Hendersonville, North Carolina","d":"2026: October 3-4","u":"https://gravelgodcycling.com/race/bwr-north-carolina/"},{"s":"gravel-brazil","n":"Gravel Brazil","t":2,"sc":71,"l":"Balneário Camboriú, Santa Catarina, Brazil","d":"Check official website for date","u":"https://gravelgodcycling.com/race/gravel-brazil/"},{"s":"heck-of-the-north","n":"Heck of the North","t":2,"sc":71,"l":"Two Harbors, Minnesota","d":"2026: September 26","u":"https://gravelgodcycling.com/race/heck-of-the-north/"},{"s":"rad-dirt-fest","n":"Rad Dirt Fest","t":2,"sc":71,"l":"Salida, Colorado","d":"Check official website for date","u":"https://gravelgodcycling.com/race/rad-dirt-fest/"},{"s":"southern-cross-gravel","n":"Southern Cross Gravel","t":2,"sc":71,"l":"Dahlonega, Georgia","d":"2026: March 1-2","u":"https://gravelgodcycling.com/race/southern-cross-gravel/"},{"s":"vermont-overland","n":"Vermont Overland","t":2,"sc":71,"l":"Woodstock, Vermont","d":"2026: August 30","u":"https://gravelgodcycling.com/race/vermont-overland/"},{"s":"almanzo-100","n":"Almanzo 100","t":2,"sc":70,"l":"Spring Valley, Minnesota","d":"2026: May 16","u":"https://gravelgodcycling.com/race/almanzo-100/"},{"s":"bootlegger-100","n":"Bootlegger 100","t":2,"sc":70,"l":"Dahlonega, Georgia (North Georgia mountains)","d":"Check official website for date","u":"https://gravelgodcycling.com/race/bootlegger-100/"},{"s":"gravel-burn","n":"Gravel Burn","t":2,"sc":70,"l":"Mpumalanga, South Africa","d":"Check official website for date","u":"https://gravelgodcycling.com/race/gravel-burn/"},{"s":"grinduro-california","n":"Grinduro California","t":2,"sc":70,"l":"Quincy, California (Plumas County)","d":"2026: September 12-14","u":"https://gravelgodcycling.com/race/grinduro-california/"},{"s":"paris-to-ancaster","n":"Paris to Ancaster","t":2,"sc":70,"l":"Paris to Ancaster, Ontario, Canada","d":"2026: April 26","u":"https://gravelgodcycling.com/race/paris-to-ancaster/"},{"s":"rule-of-three","n":"Rule of Three","t":2,"sc":70,"l":"Emporia, Kansas (same roads as Unbound Gravel)","d":"Check official website for date","u":"https://gravelgodcycling.com/race/rule-of-three/"},{"s":"collegiate-gravel-nationals","n":"Collegiate Gravel Nationals","t":2,"sc":69,"l":"Turkey, Texas","d":"Check USA Cycling for date","u":"https://gravelgodcycling.com/race/collegiate-gravel-nationals/"},{"s":"highlands-gravel-classic","n":"Highlands Gravel Classic","t":2,"sc":69,"l":"Goshen, Arkansas","d":"2026: April 25","u":"https://gravelgodcycling.com/race/highlands-gravel-classic/"},{"s":"rock-cobbler","n":"Rock Cobbler","t":2,"sc":69,"l":"Bakersfield, California","d":"2026: February 1","u":"https://gravelgodcycling.com/race/rock-cobbler/"},{"s":"the-gralloch","n":"The Gralloch","t":2,"sc":69,"l":"Scottish Highlands, Scotland","d":"Check official website for date","u":"https://gravelgodcycling.com/race/the-gralloch/"},{"s":"bwr-arizona","n":"BWR Arizona","t":2,"sc":67,"l":"Cave Creek / McDowell Region, Arizona","d":"2026: February 27-28","u":"https://gravelgodcycling.com/race/bwr-arizona/"},{"s":"fuego-mtb","n":"Sea Otter Fuego XL","t":2,"sc":67,"l":"Monterey, California","d":"2026: April 18","u":"https://gravelgodcycling.com/race/fuego-mtb/"},{"s":"gravel-and-tar-classic","n":"Gravel and Tar Classic","t":2,"sc":67,"l":"Manawatū-Whanganui, New Zealand","d":"Check official website for date","u":"https://gravelgodcycling.com/race/gravel-and-tar-classic/"},{"s":"gravel-roubaix","n":"Gravel Roubaix","t":2,"sc":67,"l":"Palmerton, Pennsylvania","d":"2026: April 26","u":"https://gravelgodcycling.com/race/gravel-roubaix/"},{"s":"grinduro-canada","n":"Grinduro Canada","t":2,"sc":67,"l":"Saint-Urbain-de-Charlevoix, Quebec, Canada","d":"Status: UNCERTAIN - Last held August 2022","u":"https://gravelgodcycling.com/race/grinduro-canada/"},{"s":"bend-dirt-fest","n":"Bend Dirt Fest","t":2,"sc":66,"l":"Bend, Oregon","d":"2026: July 11","u":"https://gravelgodcycling.com/race/bend-dirt-fest/"},{"s":"lost-river-classic","n":"Lost River Classic","t":2,"sc":66,"l":"Mathias, West Virginia","d":"2026: August 16 (Saturday)","u":"https://gravelgodcycling.com/race/lost-river-classic/"},{"s":"radl-grvl","n":"RADL GRVL","t":2,"sc":66,"l":"Adelaide Hills, South Australia","d":"Check official website for date","u":"https://gravelgodcycling.com/race/radl-grvl/"},{"s":"crystal-bear","n":"Crystal Bear","t":2,"sc":64,"l":"Laona, WI to Crystal Falls, MI","d":"2026: May 17-18 (overnight)","u":"https://gravelgodcycling.com/race/crystal-bear/"},{"s":"dirty-french","n":"Dirty French","t":2,"sc":64,"l":"Chillicothe, Ohio","d":"2026: May 2026","u":"https://gravelgodcycling.com/race/dirty-french/"},{"s":"atlas-mountain-race","n":"Atlas Mountain Race","t":2,"sc":63,"l":"Morocco","d":"2026: February 6-15","u":"https://gravelgodcycling.com/race/atlas-mountain-race/"},{"s":"dirty-30","n":"Dirty 30","t":2,"sc":63,"l":"Saranac, Michigan","d":"2026: April 19","u":"https://gravelgodcycling.com/race/dirty-30/"},{"s":"iowa-wind-and-rock","n":"Iowa Wind and Rock","t":2,"sc":63,"l":"Winterset, Iowa","d":"2026: April 19-20 (multi-day finish window)","u":"https://gravelgodcycling.com/race/iowa-wind-and-rock/"},{"s":"ned-gravel","n":"Ned Gravel","t":2,"sc":63,"l":"Nederland, Colorado","d":"2026: July 12","u":"https://gravelgodcycling.com/race/ned-gravel/"},{"s":"usa-cycling-gravel-nationals","n":"USA Cycling Gravel Nationals","t":2,"sc":63,"l":"La Crescent, Minnesota (2025-26); previously Gering, Nebraska (2023-24)","d":"2026: September 12","u":"https://gravelgodcycling.com/race/usa-cycling-gravel-nationals/"},{"s":"vapor-trail-125","n":"Vapor Trail 125","t":2,"sc":63,"l":"Leadville, Colorado","d":"2026: September 12-13","u":"https://gravelgodcycling.com/race/vapor-trail-125/"},{"s":"cohutta-gravel-grinder","n":"Cohutta Gravel Grinder","t":2,"sc":61,"l":"Chatsworth, Georgia","d":"2026: April 18","u":"https://gravelgodcycling.com/race/cohutta-gravel-grinder/"},{"s":"finnish-gravel","n":"Finnish Gravel","t":2,"sc":61,"l":"Lahti, Paijanne Tavastia, Finland","d":"2026: August 8","u":"https://gravelgodcycling.com/race/finnish-gravel/"},{"s":"transcordilleras","n":"Transcordilleras","t":2,"sc":61,"l":"Colombian Andes, Colombia","d":"2026: Various dates","u":"https://gravelgodcycling.com/race/transcordilleras/"},{"s":"wyo-131","n":"WYO 131","t":2,"sc":61,"l":"Lander, Wyoming","d":"2026: September 12","u":"https://gravelgodcycling.com/race/wyo-131/"},{"s":"bighorn-gravel","n":"Bighorn Gravel","t":2,"sc":60,"l":"Gypsum, Colorado","d":"2026: June 20","u":"https://gravelgodcycling.com/race/bighorn-gravel/"},{"s":"rasputitsa-spring-classic","n":"Rasputitsa Spring Classic","t":2,"sc":60,"l":"Burke, Vermont","d":"2026: March 28","u":"https://gravelgodcycling.com/race/rasputitsa-spring-classic/"},{"s":"sagan-fondo","n":"Sagan Fondo","t":2,"sc":60,"l":"Truckee, California","d":"2026: June 27","u":"https://gravelgodcycling.com/race/sagan-fondo/"},{"s":"the-equalizer","n":"THE EQUALIZER - Missouri State Championship","t":2,"sc":60,"l":"Marthasville, Missouri","d":"2026: July 26","u":"https://gravelgodcycling.com/race/the-equalizer/"},{"s":"vuelta-altas-cumbres","n":"Vuelta Altas Cumbres","t":2,"sc":60,"l":"Córdoba, Argentina","d":"2026: March 29","u":"https://gravelgodcycling.com/race/vuelta-altas-cumbres/"},{"s":"wasatch-all-road","n":"Wasatch All-Road","t":2,"sc":60,"l":"Francis, Utah","d":"2026: August 29","u":"https://gravelgodcycling.com/race/wasatch-all-road/"},{"s":"croatan-buck-fifty","n":"Croatan Buck Fifty","t":3,"sc":59,"l":"New Bern, North Carolina (Croatan National Forest)","d":"Check official website for date","u":"https://gravelgodcycling.com/race/croatan-buck-fifty/"},{"s":"crooked-gravel","n":"Crooked Gravel","t":3,"sc":59,"l":"Winter Park, Colorado","d":"2026: August 1","u":"https://gravelgodcycling.com/race/crooked-gravel/"},{"s":"gran-fondo-hincapie","n":"Gran Fondo Hincapie","t":3,"sc":59,"l":"Greenville, South Carolina","d":"2026: October 17","u":"https://gravelgodcycling.com/race/gran-fondo-hincapie/"},{"s":"iron-horse-bicycle-classic","n":"Iron Horse Bicycle Classic","t":3,"sc":59,"l":"Durango, Colorado","d":"2026: May 17","u":"https://gravelgodcycling.com/race/iron-horse-bicycle-classic/"},{"s":"maap-beechworth-granite-classic","n":"MAAP Beechworth Granite Classic","t":3,"sc":59,"l":"Beechworth, Victoria","d":"2026: April 17-19","u":"https://gravelgodcycling.com/race/maap-beechworth-granite-classic/"},{"s":"marji-gesick","n":"Marji Gesick","t":3,"sc":59,"l":"Marquette, Michigan","d":"2026: September 18-20","u":"https://gravelgodcycling.com/race/marji-gesick/"},{"s":"pony-xpress","n":"Pony Xpress","t":3,"sc":59,"l":"Cokedale, Colorado","d":"Paused for 2026 — returning May 2027","u":"https://gravelgodcycling.com/race/pony-xpress/"},{"s":"red-granite-grinder","n":"Red Granite Grinder","t":3,"sc":59,"l":"Athens, Wisconsin (Central Wisconsin)","d":"Check official website for date","u":"https://gravelgodcycling.com/race/red-granite-grinder/"},{"s":"iceman-cometh","n":"Iceman Cometh","t":3,"sc":57,"l":"Kalkaska, Michigan","d":"2026: November 7","u":"https://gravelgodcycling.com/race/iceman-cometh/"},{"s":"transrockies-gravel-royale","n":"TransRockies Gravel Royale","t":3,"sc":57,"l":"British Columbia, Canada","d":"2026: August 21","u":"https://gravelgodcycling.com/race/transrockies-gravel-royale/"},{"s":"belgian-waffle-ride-kansas","n":"Belgian Waffle Ride Kansas","t":3,"sc":56,"l":"Lawrence, Kansas","d":"2025: October 14","u":"https://gravelgodcycling.com/race/belgian-waffle-ride-kansas/"},{"s":"d2r2","n":"D2R2","t":3,"sc":56,"l":"Deerfield, Massachusetts","d":"2026: August 22","u":"https://gravelgodcycling.com/race/d2r2/"},{"s":"gravel-worlds-amateur","n":"Gravel Worlds Amateur","t":3,"sc":56,"l":"Lincoln, Nebraska","d":"2026: August 19-23","u":"https://gravelgodcycling.com/race/gravel-worlds-amateur/"},{"s":"haute-route-gravel","n":"Haute Route Gravel","t":3,"sc":56,"l":"Various Europe","d":"2026: August 29","u":"https://gravelgodcycling.com/race/haute-route-gravel/"},{"s":"la-resistance","n":"La Resistance","t":3,"sc":56,"l":"French Alps","d":"2026: Summer TBD","u":"https://gravelgodcycling.com/race/la-resistance/"},{"s":"noosa-gravel-enduro","n":"Noosa Gravel Enduro","t":3,"sc":56,"l":"Noosa Hinterland, Queensland","d":"2026: June 21","u":"https://gravelgodcycling.com/race/noosa-gravel-enduro/"},{"s":"sasquatch-duro","n":"Sasquatch Duro","t":3,"sc":56,"l":"Carlton, Oregon","d":"2026: April 11","u":"https://gravelgodcycling.com/race/sasquatch-duro/"},{"s":"spotted-horse-ultra","n":"Spotted Horse Ultra","t":3,"sc":56,"l":"Iowa","d":"2026: October 17","u":"https://gravelgodcycling.com/race/spotted-horse-ultra/"},{"s":"tour-de-nebraska","n":"Tour de Nebraska","t":3,"sc":56,"l":"Southwest Nebraska (Curtis, Elwood, Cambridge, McCook)","d":"2026: June 23-28","u":"https://gravelgodcycling.com/race/tour-de-nebraska/"},{"s":"trans-iowa","n":"Trans Iowa","t":3,"sc":56,"l":"Checkpoint, Iowa","d":"2025: April 19-20","u":"https://gravelgodcycling.com/race/trans-iowa/"},{"s":"battenkill","n":"Battenkill","t":3,"sc":54,"l":"Cambridge, New York","d":"2026: May 9","u":"https://gravelgodcycling.com/race/battenkill/"},{"s":"coast-to-coast","n":"Coast to Coast","t":3,"sc":54,"l":"Au Gres to Ludington, Michigan","d":"2026: June 27","u":"https://gravelgodcycling.com/race/coast-to-coast/"},{"s":"cowichan-crusher-gravel-fondo","n":"Cowichan Crusher Gravel Fondo","t":3,"sc":54,"l":"Lake Cowichan, British Columbia","d":"2026: May 31","u":"https://gravelgodcycling.com/race/cowichan-crusher-gravel-fondo/"},{"s":"devils-cardigan","n":"Devils Cardigan","t":3,"sc":54,"l":"Tasmania, Australia","d":"2026: June 20","u":"https://gravelgodcycling.com/race/devils-cardigan/"},{"s":"edition-zero","n":"Edition Zero","t":3,"sc":54,"l":"South Island, New Zealand","d":"2025: November 29","u":"https://gravelgodcycling.com/race/edition-zero/"},{"s":"filthy-50","n":"Filthy 50","t":3,"sc":54,"l":"Northern Minnesota (route varies)","d":"Check official website for date","u":"https://gravelgodcycling.com/race/filthy-50/"},{"s":"gravel-bogota","n":"Gravel Bogotá","t":3,"sc":54,"l":"Bogotá, Colombia","d":"2026: Various dates","u":"https://gravelgodcycling.com/race/gravel-bogota/"},{"s":"karukinka","n":"Karukinka","t":3,"sc":54,"l":"Tierra del Fuego, Chile","d":"2025: December 8","u":"https://gravelgodcycling.com/race/karukinka/"},{"s":"oregon-coast-gravel-epic","n":"Oregon Coast Gravel Epic","t":3,"sc":54,"l":"Waldport, Oregon","d":"2026: May 2","u":"https://gravelgodcycling.com/race/oregon-coast-gravel-epic/"},{"s":"paris-mountain-gravel-grinder","n":"Paris Mountain Gravel Grinder","t":3,"sc":54,"l":"Travelers Rest, South Carolina","d":"2026: June 28","u":"https://gravelgodcycling.com/race/paris-mountain-gravel-grinder/"},{"s":"pony-xpress-gravel-160","n":"Pony Xpress Gravel 160","t":3,"sc":54,"l":"Trinidad, CO","d":"2026: May 9","u":"https://gravelgodcycling.com/race/pony-xpress-gravel-160/"},{"s":"river-city-gravel-fondo","n":"River City Gravel Fondo","t":3,"sc":54,"l":"Campbell River, British Columbia","d":"2026: April 12","u":"https://gravelgodcycling.com/race/river-city-gravel-fondo/"},{"s":"ruby-roubaix","n":"Ruby Roubaix","t":3,"sc":54,"l":"Lamoille, Nevada","d":"2026: June 27","u":"https://gravelgodcycling.com/race/ruby-roubaix/"},{"s":"the-range","n":"The Range","t":3,"sc":54,"l":"Alberta, Canada","d":"2026: July 11","u":"https://gravelgodcycling.com/race/the-range/"},{"s":"3-state-3-mountain-challenge","n":"3 State 3 Mountain Challenge","t":3,"sc":53,"l":"Mentone, Alabama","d":"2025: May 6","u":"https://gravelgodcycling.com/race/3-state-3-mountain-challenge/"},{"s":"barry-roubaix","n":"Barry-Roubaix Killer Gravel Road Race","t":3,"sc":53,"l":"Hastings, Michigan","d":"2026: April 18","u":"https://gravelgodcycling.com/race/barry-roubaix/"},{"s":"carpathian-gravel","n":"Carpathian Gravel","t":3,"sc":53,"l":"Carpathian Mountains, Romania","d":"2026: July 4","u":"https://gravelgodcycling.com/race/carpathian-gravel/"},{"s":"dirty-hector","n":"Dirty Hector - New York State Championship","t":3,"sc":53,"l":"Trumansburg, New York","d":"2026: May 24","u":"https://gravelgodcycling.com/race/dirty-hector/"},{"s":"fools-gold-gravel-grinder","n":"Fools Gold Gravel Grinder","t":3,"sc":53,"l":"Dahlonega, Georgia","d":"2026: September 12","u":"https://gravelgodcycling.com/race/fools-gold-gravel-grinder/"},{"s":"gran-fondo-ozarks","n":"Gran Fondo Ozarks","t":3,"sc":53,"l":"Eureka Springs, Arkansas","d":"2026: March 12-13","u":"https://gravelgodcycling.com/race/gran-fondo-ozarks/"},{"s":"gravel-del-fuego","n":"Gravel del Fuego","t":3,"sc":53,"l":"Patagonia, Chile","d":"2026: April 11","u":"https://gravelgodcycling.com/race/gravel-del-fuego/"},{"s":"gravel-medellin","n":"Gravel Medellín","t":3,"sc":53,"l":"Medellín, Colombia","d":"2026: Various dates","u":"https://gravelgodcycling.com/race/gravel-medellin/"},{"s":"gravel-suisse","n":"Gravel Suisse","t":3,"sc":53,"l":"Aigle, Switzerland","d":"2026: July 12","u":"https://gravelgodcycling.com/race/gravel-suisse/"},{"s":"grinduro-italy","n":"Grinduro Italy","t":3,"sc":53,"l":"Finale Ligure, Italy","d":"2026: September 26","u":"https://gravelgodcycling.com/race/grinduro-italy/"},{"s":"kettle-mettle","n":"Kettle Mettle","t":3,"sc":53,"l":"British Columbia, Canada","d":"2026: June 20","u":"https://gravelgodcycling.com/race/kettle-mettle/"},{"s":"king-price-race-to-sun","n":"King Price Race to Sun","t":3,"sc":53,"l":"South Africa","d":"2026: May 16","u":"https://gravelgodcycling.com/race/king-price-race-to-sun/"},{"s":"ozark-gravel","n":"Ozark Gravel","t":3,"sc":53,"l":"Rogers, Arkansas","d":"2026: March 7","u":"https://gravelgodcycling.com/race/ozark-gravel/"},{"s":"worthersee-gravel-race","n":"Wörthersee Gravel Race","t":3,"sc":53,"l":"Wörthersee, Austria","d":"2026: April 12","u":"https://gravelgodcycling.com/race/worthersee-gravel-race/"},{"s":"3rides-aachen","n":"3Rides Aachen","t":3,"sc":51,"l":"Winterberg/Aachen, Germany","d":"2026: July 19","u":"https://gravelgodcycling.com/race/3rides-aachen/"},{"s":"6-hours-of-syllamo","n":"6 Hours of Syllamo","t":3,"sc":51,"l":"Mountain View, Arkansas","d":"2026: March 20","u":"https://gravelgodcycling.com/race/6-hours-of-syllamo/"},{"s":"66-south-pyrenees","n":"66° South Pyrénées","t":3,"sc":51,"l":"Pyrénées, France","d":"2026: April 23-25","u":"https://gravelgodcycling.com/race/66-south-pyrenees/"},{"s":"ardenne-gravel-stages","n":"Ardenne Gravel Stages","t":3,"sc":51,"l":"Vielsalm/Engreux, Belgian Ardennes","d":"2026: September 25","u":"https://gravelgodcycling.com/race/ardenne-gravel-stages/"},{"s":"berryman-epic","n":"Berryman Epic","t":3,"sc":51,"l":"Potosi, Missouri","d":"2025: October 18","u":"https://gravelgodcycling.com/race/berryman-epic/"},{"s":"black-forest-gravel","n":"Black Forest Gravel","t":3,"sc":51,"l":"Freiburg, Black Forest, Germany","d":"2026: July 25","u":"https://gravelgodcycling.com/race/black-forest-gravel/"},{"s":"cheaha-challenge","n":"Cheaha Challenge","t":3,"sc":51,"l":"Jacksonville, Alabama","d":"2026: May 16","u":"https://gravelgodcycling.com/race/cheaha-challenge/"},{"s":"grusk","n":"GRUSK","t":3,"sc":51,"l":"Circleville, West Virginia","d":"2025: December 1","u":"https://gravelgodcycling.com/race/grusk/"},{"s":"hot-springs-gravel-gauntlet","n":"Hot Springs Gravel Gauntlet","t":3,"sc":51,"l":"Hot Springs, North Carolina","d":"2026: May 16","u":"https://gravelgodcycling.com/race/hot-springs-gravel-gauntlet/"},{"s":"iron-cross","n":"Iron Cross","t":3,"sc":51,"l":"Pennsylvania","d":"2025: October 19","u":"https://gravelgodcycling.com/race/iron-cross/"},{"s":"little-apple-100","n":"Little Apple 100 - Illinois State Championship","t":3,"sc":51,"l":"Manhattan, Illinois","d":"2025: August 3","u":"https://gravelgodcycling.com/race/little-apple-100/"},{"s":"lost-and-found-gravel","n":"Lost and Found Gravel","t":3,"sc":51,"l":"Portola, California","d":"2026: June 13","u":"https://gravelgodcycling.com/race/lost-and-found-gravel/"},{"s":"niseko-gravel","n":"Niseko Gravel","t":3,"sc":51,"l":"Niseko, Hokkaido, Japan","d":"2025: September 14","u":"https://gravelgodcycling.com/race/niseko-gravel/"},{"s":"oregon-gran-fondo","n":"Oregon Gran Fondo","t":3,"sc":51,"l":"Cottage Grove, Oregon","d":"2026: May 16","u":"https://gravelgodcycling.com/race/oregon-gran-fondo/"},{"s":"ouachita-challenge","n":"Ouachita Challenge","t":3,"sc":51,"l":"Mount Ida, Arkansas","d":"2026: March 28","u":"https://gravelgodcycling.com/race/ouachita-challenge/"},{"s":"pirate-cycling-league-gravel","n":"Pirate Cycling League Gravel","t":3,"sc":51,"l":"Ojai, California","d":"2026: TBD","u":"https://gravelgodcycling.com/race/pirate-cycling-league-gravel/"},{"s":"race-to-valhalla","n":"Race to Valhalla","t":3,"sc":51,"l":"Walhalla, South Carolina","d":"2026: April 25","u":"https://gravelgodcycling.com/race/race-to-valhalla/"},{"s":"santa-fe-century-gravelon","n":"Santa Fe Century Gravelón","t":3,"sc":51,"l":"Santa Fe, NM","d":"2026: May 10","u":"https://gravelgodcycling.com/race/santa-fe-century-gravelon/"},{"s":"sea-otter-europe-gravel","n":"Sea Otter Europe Gravel","t":3,"sc":51,"l":"Girona, Spain","d":"2026: September 19-20","u":"https://gravelgodcycling.com/race/sea-otter-europe-gravel/"},{"s":"trans-sylvania-epic","n":"Trans-Sylvania Epic","t":3,"sc":51,"l":"Pennsylvania","d":"2026: May 19-23","u":"https://gravelgodcycling.com/race/trans-sylvania-epic/"},{"s":"uwharrie-forest-gravel-grinder","n":"Uwharrie Forest Gravel Grinder","t":3,"sc":51,"l":"Central North Carolina (Uwharrie National Forest)","d":"2026: February 22","u":"https://gravelgodcycling.com/race/uwharrie-forest-gravel-grinder/"},{"s":"waucheesi-bike-race","n":"Waucheesi Bike Race","t":3,"sc":51,"l":"Tellico Plains, Tennessee","d":"2026: March 29","u":"https://gravelgodcycling.com/race/waucheesi-bike-race/"},{"s":"balkan-gravel","n":"Balkan Gravel","t":3,"sc":50,"l":"Slovenia/Croatia","d":"2026: May 29","u":"https://gravelgodcycling.com/race/balkan-gravel/"},{"s":"grasslands-100","n":"Grasslands 100","t":3,"sc":50,"l":"Decatur, Texas","d":"2026: March 21-22","u":"https://gravelgodcycling.com/race/grasslands-100/"},{"s":"gravel-battle-of-sumter-forest","n":"Gravel Battle of Sumter Forest","t":3,"sc":50,"l":"Whitmire, South Carolina","d":"2026: March 14","u":"https://gravelgodcycling.com/race/gravel-battle-of-sumter-forest/"},{"s":"greek-gravel","n":"Greek Gravel","t":3,"sc":50,"l":"Peloponnese, Greece","d":"2026: May 23-30","u":"https://gravelgodcycling.com/race/greek-gravel/"},{"s":"hellhole-gravel-grind","n":"Hellhole Gravel Grind Stage Race","t":3,"sc":50,"l":"Jamestown, South Carolina","d":"2026: October 2-4","u":"https://gravelgodcycling.com/race/hellhole-gravel-grind/"},{"s":"hungry-bear-100","n":"Hungry Bear 100","t":3,"sc":50,"l":"Cable, Wisconsin","d":"2026: May 9","u":"https://gravelgodcycling.com/race/hungry-bear-100/"},{"s":"lake-taupo-cycle-challenge","n":"Lake Taupo Cycle Challenge","t":3,"sc":50,"l":"Lake Taupo, New Zealand","d":"2026: November 28","u":"https://gravelgodcycling.com/race/lake-taupo-cycle-challenge/"},{"s":"natchez-trace-gran-fondo","n":"Natchez Trace Gran Fondo","t":3,"sc":50,"l":"Nashville, Tennessee","d":"2026: May 30","u":"https://gravelgodcycling.com/race/natchez-trace-gran-fondo/"},{"s":"reliance-deep-woods","n":"Reliance Deep Woods","t":3,"sc":50,"l":"Tennessee","d":"2026: April 24-26","u":"https://gravelgodcycling.com/race/reliance-deep-woods/"},{"s":"reliance-tennessee-gravel","n":"Reliance Tennessee Gravel","t":3,"sc":50,"l":"Reliance, Tennessee","d":"2025: September 1","u":"https://gravelgodcycling.com/race/reliance-tennessee-gravel/"},{"s":"rooted-vermont","n":"Rooted Vermont","t":3,"sc":50,"l":"Morrisville, Vermont","d":"2026: TBD","u":"https://gravelgodcycling.com/race/rooted-vermont/"},{"s":"safari-gravel-race","n":"Safari Gravel Race","t":3,"sc":50,"l":"Kenya","d":"2026: June 13","u":"https://gravelgodcycling.com/race/safari-gravel-race/"},{"s":"salida-76","n":"Salida 76","t":3,"sc":50,"l":"Salida, CO","d":"2026: September 19-20","u":"https://gravelgodcycling.com/race/salida-76/"},{"s":"spirit-world-100","n":"Spirit World 100","t":3,"sc":50,"l":"Arizona","d":"2026: November 5-8","u":"https://gravelgodcycling.com/race/spirit-world-100/"},{"s":"uci-gravel-dustman","n":"UCI Gravel Dustman","t":3,"sc":50,"l":"Kanchanaburi, Thailand","d":"2026: November 14","u":"https://gravelgodcycling.com/race/uci-gravel-dustman/"},{"s":"walburg-dirty-30","n":"Walburg Dirty 30","t":3,"sc":50,"l":"Walburg, Texas","d":"2026: December 2026","u":"https://gravelgodcycling.com/race/walburg-dirty-30/"},{"s":"wild-horse-gravel","n":"Wild Horse Gravel","t":3,"sc":50,"l":"De Beque, Colorado","d":"2026: May 17","u":"https://gravelgodcycling.com/race/wild-horse-gravel/"},{"s":"wish-one-millau","n":"Wish One Millau","t":3,"sc":50,"l":"Millau Grands Causses, France","d":"2026: June 14","u":"https://gravelgodcycling.com/race/wish-one-millau/"},{"s":"dead-swede-gravel","n":"Dead Swede Gravel","t":3,"sc":49,"l":"Sheridan, Wyoming","d":"2026: June 6","u":"https://gravelgodcycling.com/race/dead-swede-gravel/"},{"s":"eislek-gravel","n":"Eislek Gravel","t":3,"sc":49,"l":"Luxembourg","d":"2026: June 20-21","u":"https://gravelgodcycling.com/race/eislek-gravel/"},{"s":"flanders-legacy-gravel","n":"Flanders Legacy Gravel","t":3,"sc":49,"l":"Flanders, Belgium","d":"2026: October 18","u":"https://gravelgodcycling.com/race/flanders-legacy-gravel/"},{"s":"flint-hills-death-ride","n":"Flint Hills Death Ride","t":3,"sc":49,"l":"Cottonwood Falls, Kansas","d":"2026: April 4","u":"https://gravelgodcycling.com/race/flint-hills-death-ride/"},{"s":"gravel-grit-n-grind","n":"Gravel Grit 'n Grind","t":3,"sc":49,"l":"Halmstad, Sweden","d":"2026: August 14-16","u":"https://gravelgodcycling.com/race/gravel-grit-n-grind/"},{"s":"hell-of-hunterdon","n":"Hell of Hunterdon","t":3,"sc":49,"l":"Hunterdon County, New Jersey","d":"2025: April 5","u":"https://gravelgodcycling.com/race/hell-of-hunterdon/"},{"s":"houffa-gravel","n":"Houffa Gravel","t":3,"sc":49,"l":"Houffalize, Belgian Ardennes","d":"2026: August 30","u":"https://gravelgodcycling.com/race/houffa-gravel/"},{"s":"kal-tour-dirty-100","n":"Kal-Tour Dirty 100","t":3,"sc":49,"l":"Kalamazoo, Michigan","d":"2026: February 20","u":"https://gravelgodcycling.com/race/kal-tour-dirty-100/"},{"s":"king-of-the-lake","n":"King of the Lake","t":3,"sc":49,"l":"Lake Constance, Germany","d":"2026: September 26","u":"https://gravelgodcycling.com/race/king-of-the-lake/"},{"s":"la-dromoise-gravel","n":"La Drômoise Gravel","t":3,"sc":49,"l":"Drôme, France","d":"2025: September 18","u":"https://gravelgodcycling.com/race/la-dromoise-gravel/"},{"s":"lauf-gritfest","n":"Lauf Gritfest","t":3,"sc":49,"l":"Cambrian Mountains, Wales","d":"2026: June 19-21","u":"https://gravelgodcycling.com/race/lauf-gritfest/"},{"s":"pony-express-120","n":"Pony Express 120","t":3,"sc":49,"l":"Marysville, Kansas","d":"2026: September 7","u":"https://gravelgodcycling.com/race/pony-express-120/"},{"s":"standard-deluxe-dirt-road-century","n":"Standard Deluxe Dirt Road Century","t":3,"sc":49,"l":"Waverly, Alabama","d":"2025: November 8","u":"https://gravelgodcycling.com/race/standard-deluxe-dirt-road-century/"},{"s":"texas-hell-week","n":"Texas Hell Week","t":3,"sc":49,"l":"Warda, Texas","d":"2026: March 21-29","u":"https://gravelgodcycling.com/race/texas-hell-week/"},{"s":"veneto-gravel","n":"Veneto Gravel","t":3,"sc":49,"l":"Asolo, Veneto, Italy","d":"2025: November 20","u":"https://gravelgodcycling.com/race/veneto-gravel/"},{"s":"114-gravel-race","n":"114 Gravel Race","t":3,"sc":47,"l":"Portugal","d":"2026: March 28","u":"https://gravelgodcycling.com/race/114-gravel-race/"},{"s":"alentejo-gravel","n":"Alentejo Gravel","t":3,"sc":47,"l":"Alentejo, Portugal","d":"2026: October 25","u":"https://gravelgodcycling.com/race/alentejo-gravel/"},{"s":"back-forty-highlander","n":"Back Forty Highlander","t":3,"sc":47,"l":"Mississippi Station, Ontario","d":"2026: September 5","u":"https://gravelgodcycling.com/race/back-forty-highlander/"},{"s":"bear-howard-gravel","n":"Bear Howard Gravel","t":3,"sc":47,"l":"Flagstaff, Arizona","d":"2026: April 29","u":"https://gravelgodcycling.com/race/bear-howard-gravel/"},{"s":"border-wars","n":"Border Wars","t":3,"sc":47,"l":"GA/AL border","d":"2026: Spring/Fall TBD","u":"https://gravelgodcycling.com/race/border-wars/"},{"s":"burgr-95","n":"BURGR 95","t":3,"sc":47,"l":"Gleason, Wisconsin","d":"2025: July 12","u":"https://gravelgodcycling.com/race/burgr-95/"},{"s":"burnt-bridge-classic","n":"Burnt Bridge Classic","t":3,"sc":47,"l":"Cowichan Valley, British Columbia","d":"2026: June 14","u":"https://gravelgodcycling.com/race/burnt-bridge-classic/"},{"s":"castellon-gravel-race","n":"Castellon Gravel Race","t":3,"sc":47,"l":"Castellon, Spain","d":"2026: February 22","u":"https://gravelgodcycling.com/race/castellon-gravel-race/"},{"s":"chino-grinder","n":"Chino Grinder","t":3,"sc":47,"l":"Chino Valley, Arizona","d":"2026: October 17","u":"https://gravelgodcycling.com/race/chino-grinder/"},{"s":"dirty-sheets-gravel-grind","n":"Dirty Sheets Gravel Grind","t":3,"sc":47,"l":"Chattahoochee Hills, Georgia","d":"2026: February 8","u":"https://gravelgodcycling.com/race/dirty-sheets-gravel-grind/"},{"s":"farmers-daughter","n":"Farmer's Daughter","t":3,"sc":47,"l":"New York","d":"2026: May 13","u":"https://gravelgodcycling.com/race/farmers-daughter/"},{"s":"garmin-gravel-worlds","n":"Garmin Gravel Worlds","t":3,"sc":47,"l":"Lincoln, Nebraska","d":"2026: August 19-23","u":"https://gravelgodcycling.com/race/garmin-gravel-worlds/"},{"s":"gravel-des-flandres","n":"Gravel des Flandres","t":3,"sc":47,"l":"Flanders, Belgium","d":"2025: September 14","u":"https://gravelgodcycling.com/race/gravel-des-flandres/"},{"s":"gravel-fondo-louisiana","n":"Gravel Fondo Louisiana","t":3,"sc":47,"l":"St. Francisville, Louisiana","d":"2026: TBD","u":"https://gravelgodcycling.com/race/gravel-fondo-louisiana/"},{"s":"gravel-one-fifty","n":"Gravel One Fifty","t":3,"sc":47,"l":"Roden, Drenthe, Netherlands","d":"2026: April 25","u":"https://gravelgodcycling.com/race/gravel-one-fifty/"},{"s":"gravelista","n":"Gravelista","t":3,"sc":47,"l":"Victoria, Australia","d":"2026: October 25","u":"https://gravelgodcycling.com/race/gravelista/"},{"s":"hegau-gravel-race","n":"Hegau Gravel Race","t":3,"sc":47,"l":"Singen, Germany","d":"2026: July 5","u":"https://gravelgodcycling.com/race/hegau-gravel-race/"},{"s":"kowtown-gravel","n":"KowTown Gravel","t":3,"sc":47,"l":"Kremmling, CO","d":"2026: June 13","u":"https://gravelgodcycling.com/race/kowtown-gravel/"},{"s":"lone-wolf-gravel","n":"Lone Wolf Gravel","t":3,"sc":47,"l":"Iron Mountain, Michigan","d":"2026: September 27","u":"https://gravelgodcycling.com/race/lone-wolf-gravel/"},{"s":"montana-gravel-challenge","n":"Montana Gravel Challenge","t":3,"sc":47,"l":"Huson, MT","d":"2026: October 1","u":"https://gravelgodcycling.com/race/montana-gravel-challenge/"},{"s":"opelika-okey-dokey","n":"Opelika Okey Dokey","t":3,"sc":47,"l":"Opelika, Alabama","d":"2026: May 9","u":"https://gravelgodcycling.com/race/opelika-okey-dokey/"},{"s":"purgatory-road-race","n":"Purgatory Road Race","t":3,"sc":47,"l":"Fredericksburg, Texas","d":"2026: TBD","u":"https://gravelgodcycling.com/race/purgatory-road-race/"},{"s":"serenissima-gravel","n":"Serenissima Gravel","t":3,"sc":47,"l":"Venice, Italy","d":"2025: October 17","u":"https://gravelgodcycling.com/race/serenissima-gravel/"},{"s":"switchgrass","n":"Switchgrass","t":3,"sc":47,"l":"Leonardville, Kansas","d":"2025: April 5-6","u":"https://gravelgodcycling.com/race/switchgrass/"},{"s":"the-grit-adventure","n":"The GRiT Adventure","t":3,"sc":47,"l":"Snoqualmie Pass, WA","d":"2026: July 18","u":"https://gravelgodcycling.com/race/the-grit-adventure/"},{"s":"unravel-gravel-va","n":"Unravel Gravel (VA State Championship)","t":3,"sc":47,"l":"Cumberland, VA","d":"2026: September 20","u":"https://gravelgodcycling.com/race/unravel-gravel-va/"},{"s":"wollombi-gravel-fest","n":"Wollombi Gravel Fest","t":3,"sc":47,"l":"Wollombi Valley, New South Wales","d":"2025: December 21-22","u":"https://gravelgodcycling.com/race/wollombi-gravel-fest/"},{"s":"big-sky-gravel","n":"Big Sky Gravel","t":3,"sc":46,"l":"Red Lodge, Montana","d":"2026: August 30","u":"https://gravelgodcycling.com/race/big-sky-gravel/"},{"s":"bohemian-border-bash","n":"Bohemian Border Bash","t":3,"sc":46,"l":"Czech Republic","d":"2025: September 6","u":"https://gravelgodcycling.com/race/bohemian-border-bash/"},{"s":"canmore-crux","n":"Canmore Crux","t":3,"sc":46,"l":"Canmore, Alberta, Canada","d":"2026: June 7","u":"https://gravelgodcycling.com/race/canmore-crux/"},{"s":"cirrem","n":"CIRREM","t":3,"sc":46,"l":"Roubaix, Illinois","d":"2026: February 28","u":"https://gravelgodcycling.com/race/cirrem/"},{"s":"dirty-pecan","n":"Dirty Pecan","t":3,"sc":46,"l":"Florida","d":"2026: March 7","u":"https://gravelgodcycling.com/race/dirty-pecan/"},{"s":"dusty-bandita","n":"Dusty Bandita","t":3,"sc":46,"l":"Ovando, Montana","d":"2026: June 6","u":"https://gravelgodcycling.com/race/dusty-bandita/"},{"s":"essential-gravel","n":"Essential Gravel","t":3,"sc":46,"l":"Ringle, Wisconsin","d":"2026: June 14","u":"https://gravelgodcycling.com/race/essential-gravel/"},{"s":"ghost-of-the-gravel","n":"Ghost of the Gravel","t":3,"sc":46,"l":"Alberta, Canada","d":"2026: June 14","u":"https://gravelgodcycling.com/race/ghost-of-the-gravel/"},{"s":"gravel-fever","n":"Gravel Fever","t":3,"sc":46,"l":"Châtellerault, France","d":"2025: September 26-28","u":"https://gravelgodcycling.com/race/gravel-fever/"},{"s":"gravel-revival","n":"Gravel Revival","t":3,"sc":46,"l":"Hickman County, Tennessee","d":"2026: October 16-18","u":"https://gravelgodcycling.com/race/gravel-revival/"},{"s":"gravel-roll-pecan-shaker","n":"Gravel Roll - Pecan Shaker","t":3,"sc":46,"l":"Hawkinsville, Georgia","d":"2026: October 17","u":"https://gravelgodcycling.com/race/gravel-roll-pecan-shaker/"},{"s":"gun-flint-44","n":"Gun Flint 44","t":3,"sc":46,"l":"Grand Marais, Minnesota","d":"2025: September 27","u":"https://gravelgodcycling.com/race/gun-flint-44/"},{"s":"heathland-gravel","n":"Heathland Gravel","t":3,"sc":46,"l":"Belgium","d":"2026: August 9","u":"https://gravelgodcycling.com/race/heathland-gravel/"},{"s":"holly-shelter-gravel-grinder","n":"Holly Shelter Gravel Grinder","t":3,"sc":46,"l":"Southeast North Carolina (Holly Shelter Game Land)","d":"2026: March 28","u":"https://gravelgodcycling.com/race/holly-shelter-gravel-grinder/"},{"s":"homegrown-gravel-adventure","n":"Homegrown Gravel Adventure","t":3,"sc":46,"l":"Franklin, Georgia","d":"2026: February 28","u":"https://gravelgodcycling.com/race/homegrown-gravel-adventure/"},{"s":"lake-country-gravel","n":"Lake Country Gravel","t":3,"sc":46,"l":"Oconomowoc, Wisconsin","d":"2026: July 25","u":"https://gravelgodcycling.com/race/lake-country-gravel/"},{"s":"marly-grav","n":"Marly Grav","t":3,"sc":46,"l":"Netherlands","d":"2026: May 10","u":"https://gravelgodcycling.com/race/marly-grav/"},{"s":"pickerel-buck40","n":"Pickerel Buck40","t":3,"sc":46,"l":"Wisconsin","d":"2025: June 15","u":"https://gravelgodcycling.com/race/pickerel-buck40/"},{"s":"polish-gravel","n":"Polish Gravel","t":3,"sc":46,"l":"Kraków, Poland","d":"2026: August 8-11","u":"https://gravelgodcycling.com/race/polish-gravel/"},{"s":"rad-am-ring-gravel","n":"Rad am Ring Gravel","t":3,"sc":46,"l":"Nürburg, Germany","d":"2026: July 26","u":"https://gravelgodcycling.com/race/rad-am-ring-gravel/"},{"s":"the-crusher","n":"The Crusher","t":3,"sc":46,"l":"Upper Peninsula, Michigan","d":"2026: TBD","u":"https://gravelgodcycling.com/race/the-crusher/"},{"s":"tor-divide","n":"Tor Divide","t":3,"sc":46,"l":"Peak District, UK","d":"2026: May 17","u":"https://gravelgodcycling.com/race/tor-divide/"},{"s":"tour-de-gap","n":"Tour de Gap","t":3,"sc":46,"l":"Fulton, Mississippi","d":"2026: July 25","u":"https://gravelgodcycling.com/race/tour-de-gap/"},{"s":"turnhout-gravel","n":"Turnhout Gravel","t":3,"sc":46,"l":"Turnhout, Belgium","d":"2026: August 30","u":"https://gravelgodcycling.com/race/turnhout-gravel/"},{"s":"albia-holy-cow","n":"Albia Holy Cow","t":4,"sc":44,"l":"Albia, Iowa","d":"2026: July 18","u":"https://gravelgodcycling.com/race/albia-holy-cow/"},{"s":"bear-100","n":"Bear 100","t":4,"sc":44,"l":"Laona, Wisconsin","d":"2026: April 2","u":"https://gravelgodcycling.com/race/bear-100/"},{"s":"cedar-blitz","n":"Cedar Blitz","t":4,"sc":44,"l":"Cedar Springs, Michigan","d":"2026: July 12","u":"https://gravelgodcycling.com/race/cedar-blitz/"},{"s":"cow-pie-classic","n":"Cow Pie Classic","t":4,"sc":44,"l":"Ionia, Michigan","d":"2026: June 8","u":"https://gravelgodcycling.com/race/cow-pie-classic/"},{"s":"fairfield-harvest-rush","n":"Fairfield Harvest Rush","t":4,"sc":44,"l":"Fairfield, Iowa","d":"2026: October 3","u":"https://gravelgodcycling.com/race/fairfield-harvest-rush/"},{"s":"glenwood-gravel","n":"Glenwood Gravel","t":4,"sc":44,"l":"Glenwood, Iowa","d":"2026: August 10","u":"https://gravelgodcycling.com/race/glenwood-gravel/"},{"s":"gravel-and-granite","n":"Gravel and Granite","t":4,"sc":44,"l":"Tenterfield, New South Wales, Australia","d":"2026: May 15","u":"https://gravelgodcycling.com/race/gravel-and-granite/"},{"s":"gravel-unravel-bon-jon-pass-out","n":"Gravel Unravel - Bon Jon Pass Out","t":4,"sc":44,"l":"Quilcene, WA","d":"2026: June 13","u":"https://gravelgodcycling.com/race/gravel-unravel-bon-jon-pass-out/"},{"s":"gray-duck-grit","n":"Gray Duck Grit","t":4,"sc":44,"l":"Cannon Falls, Minnesota","d":"2026: September 5-6","u":"https://gravelgodcycling.com/race/gray-duck-grit/"},{"s":"hart-hills","n":"Hart Hills","t":4,"sc":44,"l":"Hart, Michigan","d":"2026: May 9","u":"https://gravelgodcycling.com/race/hart-hills/"},{"s":"lowell-classic","n":"Lowell Classic","t":4,"sc":44,"l":"Lowell, Michigan","d":"2026: October 24","u":"https://gravelgodcycling.com/race/lowell-classic/"},{"s":"marys-mayhem","n":"Marys Mayhem","t":4,"sc":44,"l":"Mudgee, New South Wales, Australia","d":"2026: October 16-18","u":"https://gravelgodcycling.com/race/marys-mayhem/"},{"s":"melting-mann","n":"Melting Mann","t":4,"sc":44,"l":"Vandalia, Michigan","d":"2026: March 28","u":"https://gravelgodcycling.com/race/melting-mann/"},{"s":"real-west-gravel","n":"Real West Gravel","t":4,"sc":44,"l":"Pendleton, Oregon","d":"2026: March 15","u":"https://gravelgodcycling.com/race/real-west-gravel/"},{"s":"ride-the-gravel-trails","n":"Ride the Gravel Trails","t":4,"sc":44,"l":"Dakota County, Minnesota","d":"2026: April 26","u":"https://gravelgodcycling.com/race/ride-the-gravel-trails/"},{"s":"spring-valley-100","n":"Spring Valley 100","t":4,"sc":44,"l":"Spring Valley, Minnesota","d":"2026: May 16","u":"https://gravelgodcycling.com/race/spring-valley-100/"},{"s":"sunday-creek-classic","n":"Sunday Creek Classic","t":4,"sc":44,"l":"Kenilworth, Queensland","d":"2026: May 23","u":"https://gravelgodcycling.com/race/sunday-creek-classic/"},{"s":"swamp-fox-gravel-fondo","n":"Swamp Fox Gravel Fondo","t":4,"sc":44,"l":"Francis Marion National Forest, South Carolina","d":"2026: March 21","u":"https://gravelgodcycling.com/race/swamp-fox-gravel-fondo/"},{"s":"the-mane-event-gravel","n":"The Mane Event Gravel","t":4,"sc":44,"l":"Sheridan, WY","d":"2026: September 19","u":"https://gravelgodcycling.com/race/the-mane-event-gravel/"},{"s":"the-watermoo","n":"The Watermoo","t":4,"sc":44,"l":"Dexter, Michigan","d":"2026: August 8","u":"https://gravelgodcycling.com/race/the-watermoo/"},{"s":"total-tomahawk-terrain","n":"Total Tomahawk Terrain","t":4,"sc":44,"l":"Tomahawk, Wisconsin","d":"2026: June 20","u":"https://gravelgodcycling.com/race/total-tomahawk-terrain/"},{"s":"waukon-100","n":"Waukon 100","t":4,"sc":44,"l":"Waukon, Iowa","d":"2026: June 20","u":"https://gravelgodcycling.com/race/waukon-100/"},{"s":"clarkes-gambit","n":"Clarkes Gambit","t":4,"sc":43,"l":"Nelligen, New South Wales, Australia","d":"2026: August 21-23","u":"https://gravelgodcycling.com/race/clarkes-gambit/"},{"s":"de-ronde-van-grampian","n":"De Ronde Van Grampian","t":4,"sc":43,"l":"Oxford, Michigan","d":"2026: August 1","u":"https://gravelgodcycling.com/race/de-ronde-van-grampian/"},{"s":"fast-fitty","n":"Fast Fitty","t":4,"sc":43,"l":"Charlotte, Michigan","d":"2026: August 15","u":"https://gravelgodcycling.com/race/fast-fitty/"},{"s":"galactic-grinder","n":"Galactic Grinder","t":4,"sc":43,"l":"Cedar Hill, New Mexico","d":"2025: April 19","u":"https://gravelgodcycling.com/race/galactic-grinder/"},{"s":"grassroots-gravel","n":"Grassroots Gravel","t":4,"sc":43,"l":"Pueblo, Colorado","d":"2026: October 9-10","u":"https://gravelgodcycling.com/race/grassroots-gravel/"},{"s":"gravel-rocks","n":"Gravel Rocks","t":4,"sc":43,"l":"North York Moors, UK","d":"2026: July 10-12","u":"https://gravelgodcycling.com/race/gravel-rocks/"},{"s":"great-otway-gravel-grind","n":"Great Otway Gravel Grind","t":4,"sc":43,"l":"Forrest, Victoria, Australia","d":"2026: February 28","u":"https://gravelgodcycling.com/race/great-otway-gravel-grind/"},{"s":"hibernator","n":"Hibernator","t":4,"sc":43,"l":"Laona, Wisconsin","d":"2025: October 4","u":"https://gravelgodcycling.com/race/hibernator/"},{"s":"iowa-state-gravel-tt-championship","n":"Iowa State Gravel TT Championship","t":4,"sc":43,"l":"Amana, Iowa","d":"2026: September 6","u":"https://gravelgodcycling.com/race/iowa-state-gravel-tt-championship/"},{"s":"north-wales-gravel-x","n":"North Wales Gravel X","t":4,"sc":43,"l":"Ruthin, Wales, UK","d":"2026: April 25","u":"https://gravelgodcycling.com/race/north-wales-gravel-x/"},{"s":"prairie-burn-100","n":"Prairie Burn 100","t":4,"sc":43,"l":"Grinnell, Iowa","d":"2026: June 6","u":"https://gravelgodcycling.com/race/prairie-burn-100/"},{"s":"spring-thaw","n":"Spring Thaw","t":4,"sc":43,"l":"Muskegon, Michigan","d":"2025: March 30","u":"https://gravelgodcycling.com/race/spring-thaw/"},{"s":"takelma-gravel-grinder","n":"Takelma Gravel Grinder","t":4,"sc":43,"l":"Canyonville, OR","d":"2026: June 27","u":"https://gravelgodcycling.com/race/takelma-gravel-grinder/"},{"s":"west-coast-gravel","n":"West Coast Gravel","t":4,"sc":43,"l":"Yachats, OR","d":"2026: May 3","u":"https://gravelgodcycling.com/race/west-coast-gravel/"},{"s":"beaver-dam-gravel-grinder","n":"Beaver Dam Gravel Grinder","t":4,"sc":41,"l":"Beaver Dam State Park, Nevada","d":"2026: June 20","u":"https://gravelgodcycling.com/race/beaver-dam-gravel-grinder/"},{"s":"camp-michaux-gravel-grinder","n":"Camp Michaux Gravel Grinder","t":4,"sc":41,"l":"Gardners, Pennsylvania","d":"2026: June 28","u":"https://gravelgodcycling.com/race/camp-michaux-gravel-grinder/"},{"s":"cowboy-crusher","n":"Cowboy Crusher","t":4,"sc":41,"l":"Glenrock, Wyoming","d":"2026: July 11","u":"https://gravelgodcycling.com/race/cowboy-crusher/"},{"s":"dirty-dino","n":"Dirty Dino","t":4,"sc":41,"l":"Vernal, Utah","d":"2026: June 28","u":"https://gravelgodcycling.com/race/dirty-dino/"},{"s":"forbidden-gravel","n":"Forbidden Gravel","t":4,"sc":41,"l":"Cumberland, British Columbia, Canada","d":"2026: September 20","u":"https://gravelgodcycling.com/race/forbidden-gravel/"},{"s":"hardwood-hustle","n":"Hardwood Hustle","t":4,"sc":41,"l":"Nelma, Wisconsin","d":"2025: September 27","u":"https://gravelgodcycling.com/race/hardwood-hustle/"},{"s":"heywood-ride","n":"Heywood Ride","t":4,"sc":41,"l":"Northfield, Minnesota","d":"2026: May 16","u":"https://gravelgodcycling.com/race/heywood-ride/"},{"s":"just-gravel","n":"JUST.GRAVEL","t":4,"sc":41,"l":"Southern Lake District, UK","d":"2025: September 14","u":"https://gravelgodcycling.com/race/just-gravel/"},{"s":"mad-gravel","n":"Mad Gravel","t":4,"sc":41,"l":"Elbert, CO","d":"2026: September 5-7","u":"https://gravelgodcycling.com/race/mad-gravel/"},{"s":"raid-rockingham","n":"Raid Rockingham","t":4,"sc":41,"l":"SE New Hampshire","d":"2026: June 7","u":"https://gravelgodcycling.com/race/raid-rockingham/"},{"s":"salty-lizard","n":"Salty Lizard","t":4,"sc":41,"l":"Wendover, UT","d":"2026: April 4","u":"https://gravelgodcycling.com/race/salty-lizard/"},{"s":"silver-city-century","n":"Silver City Century","t":4,"sc":41,"l":"Silver City, Iowa","d":"2026: May 24","u":"https://gravelgodcycling.com/race/silver-city-century/"},{"s":"soldier-cutoff-hillduro","n":"Soldier Cutoff Hillduro","t":4,"sc":41,"l":"Pisgah, Iowa","d":"2026: September 19","u":"https://gravelgodcycling.com/race/soldier-cutoff-hillduro/"},{"s":"trough-creek-gravel-grinder","n":"Trough Creek Gravel Grinder","t":4,"sc":41,"l":"Trough Creek State Park, Pennsylvania","d":"2026: September 20","u":"https://gravelgodcycling.com/race/trough-creek-gravel-grinder/"},{"s":"uncle-johns-gravel-race","n":"Uncle John's Gravel Race","t":4,"sc":41,"l":"St Johns, Michigan","d":"2026: September 13","u":"https://gravelgodcycling.com/race/uncle-johns-gravel-race/"},{"s":"bald-eagle-gravel-grinder","n":"Bald Eagle Gravel Grinder","t":4,"sc":40,"l":"Lock Haven, Pennsylvania","d":"2026: April 12","u":"https://gravelgodcycling.com/race/bald-eagle-gravel-grinder/"},{"s":"glengarry-games-gravel-run","n":"Glengarry Games Gravel Run","t":4,"sc":40,"l":"Maxville, Ontario, Canada","d":"2026: August 2","u":"https://gravelgodcycling.com/race/glengarry-games-gravel-run/"},{"s":"gravel-unravel-why-not-chee","n":"Gravel Unravel - Why-Not-Chee","t":4,"sc":40,"l":"Hoquiam, WA","d":"2026: July 18","u":"https://gravelgodcycling.com/race/gravel-unravel-why-not-chee/"},{"s":"kalona-horseshoe","n":"Kalona Horseshoe","t":4,"sc":40,"l":"Kalona, Iowa","d":"2026: May 9","u":"https://gravelgodcycling.com/race/kalona-horseshoe/"},{"s":"mid-state-gravel-grinder","n":"Mid-State Gravel Grinder","t":4,"sc":40,"l":"Central Pennsylvania","d":"2026: August 15","u":"https://gravelgodcycling.com/race/mid-state-gravel-grinder/"},{"s":"muck-n-mac-fest","n":"Muck n Mac Fest","t":4,"sc":40,"l":"Traquair House, Scotland, UK","d":"2026: May 2","u":"https://gravelgodcycling.com/race/muck-n-mac-fest/"},{"s":"nicolet-hot-days","n":"Nicolet Hot Days","t":4,"sc":40,"l":"Wabeno, Wisconsin","d":"2025: August 10","u":"https://gravelgodcycling.com/race/nicolet-hot-days/"},{"s":"old-fashioned-gravel","n":"Old Fashioned Gravel","t":4,"sc":40,"l":"Hokah, Minnesota","d":"2026: October 3","u":"https://gravelgodcycling.com/race/old-fashioned-gravel/"},{"s":"ottawa-valley-gravel-experience","n":"Ottawa Valley Gravel Experience","t":4,"sc":40,"l":"Calabogie, Ontario, Canada","d":"2026: April 11","u":"https://gravelgodcycling.com/race/ottawa-valley-gravel-experience/"},{"s":"parker-dam-gravel-grinder","n":"Parker Dam Gravel Grinder","t":4,"sc":40,"l":"Clearfield County, Pennsylvania","d":"2026: May 9","u":"https://gravelgodcycling.com/race/parker-dam-gravel-grinder/"},{"s":"the-divide","n":"The Divide","t":4,"sc":40,"l":"Manton, Michigan","d":"2026: July 26","u":"https://gravelgodcycling.com/race/the-divide/"},{"s":"the-insayner","n":"The Insayner","t":4,"sc":40,"l":"Sayner, Wisconsin","d":"2026: June 13","u":"https://gravelgodcycling.com/race/the-insayner/"},{"s":"thunder-bay-thriller","n":"Thunder Bay Thriller","t":4,"sc":40,"l":"Alpena, Michigan","d":"2026: August 29","u":"https://gravelgodcycling.com/race/thunder-bay-thriller/"},{"s":"wild-gravel","n":"Wild Gravel","t":4,"sc":40,"l":"Gnowangerup, Western Australia, Australia","d":"2026: October 24","u":"https://gravelgodcycling.com/race/wild-gravel/"},{"s":"dalby-grit","n":"Dalby Grit","t":4,"sc":39,"l":"Dalby Forest, North York Moors, UK","d":"2026: June 19-21","u":"https://gravelgodcycling.com/race/dalby-grit/"},{"s":"dunoon-dirt-dash","n":"Dunoon Dirt Dash","t":4,"sc":39,"l":"Dunoon, Scotland, UK","d":"2026: September 27","u":"https://gravelgodcycling.com/race/dunoon-dirt-dash/"},{"s":"dusty-gravel-lacs-de-leau-dheure","n":"Dusty Gravel - Lacs de l'Eau d'Heure","t":4,"sc":39,"l":"Cerfontaine, Belgium","d":"2025: April 19","u":"https://gravelgodcycling.com/race/dusty-gravel-lacs-de-leau-dheure/"},{"s":"dusty-gravel-series-andenne","n":"Dusty Gravel Series - Andenne","t":4,"sc":39,"l":"Andenne, Belgium","d":"2026: April 12","u":"https://gravelgodcycling.com/race/dusty-gravel-series-andenne/"},{"s":"haldon-heroic","n":"Haldon Heroic","t":4,"sc":39,"l":"Haldon Forest, Devon, UK","d":"2026: April 12","u":"https://gravelgodcycling.com/race/haldon-heroic/"},{"s":"nanaimo-unpaved","n":"Nanaimo Unpaved","t":4,"sc":39,"l":"Nanaimo, British Columbia, Canada","d":"2025: June 15","u":"https://gravelgodcycling.com/race/nanaimo-unpaved/"},{"s":"omg-oxford-ms-gravel","n":"OMG (Oxford MS Gravel)","t":4,"sc":39,"l":"Oxford, MS","d":"2026: January 11","u":"https://gravelgodcycling.com/race/omg-oxford-ms-gravel/"},{"s":"yorkshire-coast-dirt-dash","n":"Yorkshire Coast Dirt Dash","t":4,"sc":39,"l":"Whitby, UK","d":"2026: June 14","u":"https://gravelgodcycling.com/race/yorkshire-coast-dirt-dash/"},{"s":"rose-city-rampage","n":"Rose City Rampage Gravel Race","t":4,"sc":37,"l":"Thomasville, GA","d":"2025: March 22","u":"https://gravelgodcycling.com/race/rose-city-rampage/"},{"s":"rust-buster-gravel-fondo","n":"Rust Buster Gravel Fondo","t":4,"sc":37,"l":"Memphis, TN","d":"2025: April 5","u":"https://gravelgodcycling.com/race/rust-buster-gravel-fondo/"},{"s":"scratch-ankle-gravel","n":"Scratch Ankle Gravel","t":4,"sc":36,"l":"Milton, FL","d":"2026: March 21","u":"https://gravelgodcycling.com/race/scratch-ankle-gravel/"}]
